Epoch,Pre R@50,Pre R@50 ZS,R@20,R@20 ZS,Avg,Pre wear,hold,sit,ride,carry,look,use,cover,touch,watch,talk,fly,pull,park,drive,walk,lean,eat,face,lying,hit,play,rest,follow,feed,kick,walk,skate,Pre wear,hold,sit,ride,carry,look,use,cover,touch,watch,talk,fly,pull,park,drive,walk,lean,eat,face,lying,hit,play,rest,follow,feed,kick,walk,skate,Pre wear,hold,sit,ride,carry,look,use,cover,touch,watch,talk,fly,pull,park,drive,walk,lean,eat,face,lying,hit,play,rest,follow,feed,kick,walk,skate,Pre wear,hold,sit,ride,carry,look,use,cover,touch,watch,talk,fly,pull,park,drive,walk,lean,eat,face,lying,hit,play,rest,follow,feed,kick,walk,skate,Pre avg. wear,hold,sit,ride,carry,look,use,cover,touch,watch,talk,fly,pull,park,drive,walk,lean,eat,face,lying,hit,play,rest,follow,feed,kick,walk,skate
3,98.63013698630137,86.66666666666667,97.53424657534246,82.66666666666667,91.3744292237443,100.0,98.4251968503937,93.47826086956522,97.05882352941177,100.0,88.0,100.0,100.0,60.0,100.0,100.0,66.66666666666666,100.0,100.0,100.0,nan,50.0,100.0,50.0,100.0,nan,100.0,100.0,66.66666666666666,nan,nan,100.0,100.0,100.0,100.0,33.33333333333333,100.0,100.0,80.0,100.0,100.0,62.5,100.0,nan,0.0,nan,100.0,100.0,nan,66.66666666666666,nan,0.0,100.0,nan,100.0,100.0,66.66666666666666,nan,nan,100.0,nan,100.0,98.4251968503937,86.95652173913044,88.23529411764706,100.0,72.0,100.0,100.0,46.666666666666664,100.0,100.0,66.66666666666666,100.0,100.0,100.0,nan,50.0,100.0,50.0,100.0,nan,71.42857142857143,100.0,66.66666666666666,nan,nan,100.0,0.0,100.0,100.0,33.33333333333333,0.0,100.0,80.0,100.0,100.0,50.0,100.0,nan,0.0,nan,100.0,100.0,nan,66.66666666666666,nan,0.0,100.0,nan,100.0,100.0,66.66666666666666,nan,nan,100.0,nan,100.0,99.21259842519686,61.77536231884058,71.32352941176471,100.0,80.0,100.0,100.0,54.791666666666664,100.0,100.0,33.33333333333333,100.0,100.0,100.0,nan,58.33333333333333,100.0,25.0,100.0,nan,92.85714285714286,100.0,66.66666666666666,nan,nan,100.0,50.0
