Epoch,Pre R@50,Pre R@50 ZS,R@20,R@20 ZS,Avg,Pre wear,hold,sit,ride,eat,cover,carry,watch,play,Pre wear,hold,sit,ride,eat,cover,carry,watch,play,Pre wear,hold,sit,ride,eat,cover,carry,watch,play,Pre wear,hold,sit,ride,eat,cover,carry,watch,play,Pre avg. wear,hold,sit,ride,eat,cover,carry,watch,play
3,97.7822214142883,73.68421052631578,96.94600981639702,68.42105263157895,84.20837359714501,99.5643259866735,96.0546282245827,90.99378881987577,91.4027149321267,99.12280701754386,97.72727272727273,93.25842696629213,70.17543859649122,20.0,64.28571428571429,88.46153846153845,75.86206896551724,0.0,66.66666666666666,60.0,66.66666666666666,90.0,0.0,99.41055868785239,94.38543247344461,90.37267080745342,85.97285067873304,95.6140350877193,96.96969696969697,89.8876404494382,57.89473684210527,20.0,64.28571428571429,88.46153846153845,68.96551724137932,0.0,66.66666666666666,40.0,66.66666666666666,70.0,0.0,81.8865783114886,91.84078440527605,81.54851145855643,44.34389140271493,82.01754385964912,73.67424242424244,79.11985018726591,72.01754385964912,10.0
4,98.54571896018905,82.10526315789474,97.80039992728595,80.0,89.61284551134244,99.71809328549462,97.11684370257967,94.40993788819875,98.64253393665159,100.0,96.21212121212122,95.50561797752809,73.68421052631578,0.0,78.57142857142857,92.3076923076923,89.65517241379311,0.0,100.0,60.0,66.66666666666666,90.0,0.0,99.30804715530496,95.75113808801214,94.09937888198758,96.38009049773756,96.49122807017544,95.45454545454545,95.50561797752809,64.91228070175438,0.0,78.57142857142857,92.3076923076923,86.20689655172413,0.0,100.0,40.0,66.66666666666666,90.0,0.0,89.04224939591418,94.37084160149412,91.09284643392589,48.755656108597286,99.12280701754386,72.91666666666667,81.08614232209737,79.64912280701753,0.0
