Epoch,Pre R@50,Pre R@50 ZS,R@20,R@20 ZS,Avg,Pre wear,hold,sit,ride,eat,cover,carry,watch,play,Pre wear,hold,sit,ride,eat,cover,carry,watch,play,Pre wear,hold,sit,ride,eat,cover,carry,watch,play,Pre wear,hold,sit,ride,eat,cover,carry,watch,play,Pre avg. wear,hold,sit,ride,eat,cover,carry,watch,play
3,85.45718960189058,28.421052631578945,81.09434648245774,21.052631578947366,54.00630507371866,98.82111737570477,45.82701062215478,68.01242236024845,47.963800904977376,67.54385964912281,87.87878787878788,19.101123595505616,14.035087719298245,0.0,42.857142857142854,23.076923076923077,37.93103448275862,0.0,0.0,40.0,0.0,20.0,0.0,98.41107124551513,26.707132018209407,65.21739130434783,20.361990950226243,55.26315789473685,87.87878787878788,11.235955056179774,1.7543859649122806,0.0,42.857142857142854,11.538461538461538,31.03448275862069,0.0,0.0,40.0,0.0,0.0,0.0,70.7366185838764,26.7873818139372,50.5488327264939,17.081447963800905,30.701754385964914,63.93939393939394,7.584269662921347,8.947368421052632,0.0
4,82.74859116524269,27.368421052631582,77.40410834393747,20.0,51.88028014045294,95.36135315222963,45.97875569044006,73.6024844720497,47.963800904977376,39.473684210526315,81.81818181818183,19.101123595505616,26.31578947368421,0.0,42.857142857142854,23.076923076923077,31.03448275862069,0.0,0.0,20.0,0.0,40.0,0.0,93.79805228088159,26.555386949924127,70.80745341614907,20.361990950226243,25.438596491228072,81.81818181818183,11.235955056179774,5.263157894736842,0.0,42.857142857142854,11.538461538461538,24.137931034482758,0.0,0.0,20.0,0.0,20.0,0.0,68.71842278684923,26.7873818139372,49.89558792032556,17.081447963800905,16.228070175438596,50.909090909090914,7.584269662921347,22.89473684210526,0.0
