Epoch,Pre R@50,Pre R@50 ZS,R@20,R@20 ZS,Avg,Pre wear,hold,sit,ride,eat,cover,carry,watch,play,Pre wear,hold,sit,ride,eat,cover,carry,watch,play,Pre wear,hold,sit,ride,eat,cover,carry,watch,play,Pre wear,hold,sit,ride,eat,cover,carry,watch,play,Pre avg. wear,hold,sit,ride,eat,cover,carry,watch,play
0,21.523359389201964,78.94736842105263,14.070169060170878,63.1578947368421,44.4246979018169,0.0,91.350531107739,97.51552795031056,0.0,0.0,100.0,100.0,73.68421052631578,100.0,0.0,100.0,100.0,0.0,0.0,100.0,100.0,80.0,100.0,0.0,49.013657056145675,76.08695652173914,0.0,0.0,65.9090909090909,100.0,43.859649122807014,100.0,0.0,73.07692307692307,89.65517241379311,0.0,0.0,80.0,100.0,40.0,100.0,0.0,78.36027781020195,90.81441422146071,0.0,0.0,86.47727272727272,100.0,59.3859649122807,100.0
3,82.76676967824031,27.368421052631582,77.24050172695873,20.0,51.84392311445765,95.10507432086109,48.710166919575116,76.70807453416148,47.511312217194565,21.929824561403507,82.57575757575758,19.101123595505616,31.57894736842105,0.0,21.428571428571427,15.384615384615385,48.275862068965516,0.0,0.0,20.0,0.0,40.0,0.0,93.54177344951307,29.438543247344462,76.08695652173914,19.90950226244344,0.8771929824561403,81.06060606060606,2.247191011235955,10.526315789473683,0.0,21.428571428571427,3.8461538461538463,41.37931034482759,0.0,0.0,20.0,0.0,20.0,0.0,57.87599765687926,24.344869849422203,60.61255086742343,16.855203619909503,5.701754385964912,50.90909090909091,5.337078651685393,25.526315789473685,0.0
4,81.67605889838211,21.052631578947366,76.05889838211233,13.684210526315791,48.1179498464394,94.84879548949256,48.558421851289836,64.28571428571429,45.70135746606335,21.929824561403507,81.06060606060606,19.101123595505616,26.31578947368421,0.0,14.285714285714285,19.230769230769234,27.586206896551722,0.0,0.0,20.0,0.0,40.0,0.0,93.08047155304972,29.438543247344462,61.49068322981367,18.099547511312217,0.8771929824561403,80.3030303030303,11.235955056179774,5.263157894736842,0.0,14.285714285714285,7.6923076923076925,20.689655172413794,0.0,0.0,20.0,0.0,20.0,0.0,54.12517390349271,26.230010505427803,43.51306489612337,15.950226244343892,5.701754385964912,50.34090909090909,7.584269662921347,22.89473684210526,0.0
