Epoch,Pre R@50,Pre R@50 ZS,R@20,R@20 ZS,Avg,Pre wear,hold,sit,ride,eat,cover,carry,watch,play,Pre wear,hold,sit,ride,eat,cover,carry,watch,play,Pre wear,hold,sit,ride,eat,cover,carry,watch,play,Pre wear,hold,sit,ride,eat,cover,carry,watch,play,Pre avg. wear,hold,sit,ride,eat,cover,carry,watch,play
3,99.14560988911107,83.15789473684211,98.14579167424104,80.0,90.11232407504855,99.89748846745259,99.54476479514416,94.40993788819875,97.73755656108597,99.12280701754386,96.21212121212122,100.0,89.47368421052632,0.0,78.57142857142857,92.3076923076923,93.10344827586206,100.0,66.66666666666666,80.0,100.0,70.0,0.0,99.74372116863147,98.33080424886191,93.7888198757764,91.8552036199095,95.6140350877193,96.21212121212122,87.64044943820225,70.17543859649122,0.0,78.57142857142857,92.3076923076923,86.20689655172413,0.0,66.66666666666666,80.0,100.0,70.0,0.0,89.19601669473529,95.62273841484767,91.87727564789033,72.39819004524887,82.01754385964912,88.10606060606061,96.91011235955057,74.91228070175438,0.0
4,99.3092165060898,82.10526315789474,98.34575531721505,81.05263157894737,90.20321664003674,99.89748846745259,99.69650986342944,99.68944099378882,99.09502262443439,97.36842105263158,95.45454545454545,89.8876404494382,89.47368421052632,0.0,78.57142857142857,96.15384615384616,100.0,0.0,0.0,80.0,66.66666666666666,70.0,0.0,99.74372116863147,98.48254931714719,98.4472049689441,93.66515837104072,93.85964912280701,94.6969696969697,82.02247191011236,70.17543859649122,0.0,78.57142857142857,96.15384615384616,100.0,0.0,0.0,60.0,66.66666666666666,70.0,0.0,89.19601669473529,97.62168787206724,99.53416149068323,48.19004524886878,47.807017543859644,82.53787878787878,76.31086142322096,74.91228070175438,0.0
