Epoch,Pre R@50,Pre R@50 ZS,R@20,R@20 ZS,Avg,Pre wear,hold,sit,ride,eat,cover,carry,watch,play,Pre wear,hold,sit,ride,eat,cover,carry,watch,play,Pre wear,hold,sit,ride,eat,cover,carry,watch,play,Pre wear,hold,sit,ride,eat,cover,carry,watch,play,Pre avg. wear,hold,sit,ride,eat,cover,carry,watch,play
3,98.83657516815124,77.89473684210526,97.83675695328122,75.78947368421053,87.58938566193706,99.92311635058944,99.08952959028832,95.65217391304348,94.11764705882352,100.0,96.21212121212122,95.50561797752809,75.43859649122807,0.0,78.57142857142857,96.15384615384616,79.3103448275862,0.0,100.0,40.0,66.66666666666666,80.0,0.0,99.38493080471554,97.42033383915023,95.03105590062113,87.33031674208145,96.49122807017544,96.21212121212122,95.50561797752809,71.9298245614035,0.0,78.57142857142857,96.15384615384616,79.3103448275862,0.0,100.0,40.0,66.66666666666666,60.0,0.0,89.11272607454052,97.20438893428272,87.32597986720926,45.36199095022624,99.12280701754386,68.10606060606061,81.08614232209737,71.84210526315789,0.0
4,98.92746773313942,77.89473684210526,98.2185057262316,74.73684210526315,87.44438810168486,99.94874423372629,99.08952959028832,94.09937888198758,99.09502262443439,98.24561403508771,96.96969696969697,95.50561797752809,73.68421052631578,0.0,85.71428571428571,96.15384615384616,79.3103448275862,0.0,33.33333333333333,60.0,66.66666666666666,80.0,0.0,99.48744233726295,97.87556904400607,93.47826086956522,97.28506787330316,94.73684210526315,96.21212121212122,95.50561797752809,70.17543859649122,0.0,85.71428571428571,96.15384615384616,79.3103448275862,0.0,33.33333333333333,40.0,66.66666666666666,60.0,0.0,92.71618949989016,97.31819773549668,86.54958235168131,49.09502262443439,64.91228070175438,73.29545454545455,81.08614232209737,70.96491228070175,0.0
