Epoch,Pre R@50,Pre R@50 ZS,R@20,R@20 ZS,Avg,Pre wear,hold,sit,ride,eat,cover,carry,watch,play,Pre wear,hold,sit,ride,eat,cover,carry,watch,play,Pre wear,hold,sit,ride,eat,cover,carry,watch,play,Pre wear,hold,sit,ride,eat,cover,carry,watch,play,Pre avg. wear,hold,sit,ride,eat,cover,carry,watch,play
3,98.52754044719141,80.0,97.96400654426468,80.0,89.12288674786403,99.89748846745259,99.39301972685888,95.34161490683229,93.21266968325791,100.0,96.96969696969697,95.50561797752809,47.368421052631575,0.0,85.71428571428571,96.15384615384616,93.10344827586206,0.0,100.0,40.0,66.66666666666666,50.0,0.0,99.71809328549462,98.17905918057663,95.34161490683229,87.78280542986425,96.49122807017544,96.96969696969697,95.50561797752809,47.368421052631575,0.0,85.71428571428571,96.15384615384616,93.10344827586206,0.0,100.0,40.0,66.66666666666666,50.0,0.0,92.76103829537966,97.46994280378195,94.22253159134718,45.24886877828054,99.12280701754386,68.48484848484848,81.08614232209737,48.68421052631579,0.0
4,98.9092892201418,80.0,98.18214870023631,77.89473684210526,88.74654369062084,99.94874423372629,98.78603945371776,94.09937888198758,99.5475113122172,100.0,96.96969696969697,95.50561797752809,70.17543859649122,0.0,85.71428571428571,96.15384615384616,79.3103448275862,0.0,100.0,40.0,66.66666666666666,90.0,0.0,99.53869810353665,96.81335356600911,94.09937888198758,97.28506787330316,96.49122807017544,96.96969696969697,95.50561797752809,66.66666666666666,0.0,85.71428571428571,96.15384615384616,79.3103448275862,0.0,100.0,40.0,66.66666666666666,70.0,0.0,92.72900344145859,96.97677133185479,86.7048618547869,49.20814479638009,99.12280701754386,68.48484848484848,81.08614232209737,74.21052631578948,0.0
