Epoch,Pre R@50,Pre R@50 ZS,R@20,R@20 ZS,Avg,Pre wear,hold,sit,ride,eat,cover,carry,watch,play,Pre wear,hold,sit,ride,eat,cover,carry,watch,play,Pre wear,hold,sit,ride,eat,cover,carry,watch,play,Pre wear,hold,sit,ride,eat,cover,carry,watch,play,Pre avg. wear,hold,sit,ride,eat,cover,carry,watch,play
3,98.2185057262316,74.73684210526315,97.34593710234503,74.73684210526315,86.25953175977574,99.89748846745259,96.50986342943855,95.03105590062113,96.83257918552036,98.24561403508771,96.21212121212122,91.01123595505618,50.877192982456144,0.0,78.57142857142857,92.3076923076923,89.65517241379311,0.0,33.33333333333333,40.0,66.66666666666666,50.0,0.0,99.30804715530496,95.75113808801214,93.7888198757764,95.02262443438913,91.22807017543859,96.21212121212122,87.64044943820225,49.122807017543856,0.0,78.57142857142857,92.3076923076923,89.65517241379311,0.0,33.33333333333333,40.0,66.66666666666666,50.0,0.0,89.08709819140367,94.21909653320883,92.03255515099593,47.963800904977376,64.03508771929823,68.10606060606061,77.99625468164794,50.0,0.0
4,98.49118342119615,76.84210526315789,97.76404290129067,76.84210526315789,87.48485921220066,99.87186058431573,96.66160849772383,93.47826086956522,99.09502262443439,100.0,96.96969696969697,94.3820224719101,66.66666666666666,0.0,78.57142857142857,84.61538461538461,79.3103448275862,0.0,100.0,60.0,66.66666666666666,90.0,0.0,99.41055868785239,95.44764795144158,92.85714285714286,97.28506787330316,96.49122807017544,96.96969696969697,91.01123595505618,64.91228070175438,0.0,78.57142857142857,84.61538461538461,79.3103448275862,0.0,100.0,60.0,66.66666666666666,90.0,0.0,89.1063191037563,90.33500641998367,86.23902334547013,49.09502262443439,99.12280701754386,78.48484848484848,79.6816479400749,77.89473684210526,0.0
