Epoch,Pre R@50,Pre R@50 ZS,R@20,R@20 ZS,Avg,Pre wear,hold,sit,ride,eat,cover,carry,watch,play,Pre wear,hold,sit,ride,eat,cover,carry,watch,play,Pre wear,hold,sit,ride,eat,cover,carry,watch,play,Pre wear,hold,sit,ride,eat,cover,carry,watch,play,Pre avg. wear,hold,sit,ride,eat,cover,carry,watch,play
3,98.36393383021269,80.0,97.56407925831667,80.0,88.98200327213235,99.87186058431573,96.81335356600911,95.96273291925466,89.14027149321268,100.0,97.72727272727273,87.64044943820225,85.96491228070175,0.0,71.42857142857143,92.3076923076923,86.20689655172413,0.0,100.0,60.0,66.66666666666666,90.0,0.0,99.28241927216813,96.0546282245827,95.96273291925466,87.33031674208145,96.49122807017544,97.72727272727273,84.26966292134831,77.19298245614034,0.0,71.42857142857143,92.3076923076923,86.20689655172413,0.0,100.0,60.0,66.66666666666666,90.0,0.0,85.50285567840668,94.3708416014941,91.0848147354894,44.117647058823536,99.12280701754386,78.86363636363637,76.31086142322096,85.78947368421052,0.0
4,98.52754044719141,72.63157894736842,97.76404290129067,72.63157894736842,85.38868531080473,99.87186058431573,96.66160849772383,94.40993788819875,95.47511312217195,98.24561403508771,97.72727272727273,93.25842696629213,82.45614035087719,0.0,71.42857142857143,80.76923076923077,82.75862068965517,0.0,33.33333333333333,60.0,66.66666666666666,80.0,0.0,99.46181445412608,95.2959028831563,93.16770186335404,93.66515837104072,94.73684210526315,97.72727272727273,93.25842696629213,73.68421052631578,0.0,71.42857142857143,80.76923076923077,82.75862068965517,0.0,33.33333333333333,60.0,66.66666666666666,80.0,0.0,85.54770447389618,88.37399322983542,88.27372028271579,47.28506787330316,64.91228070175438,78.86363636363637,79.9625468164794,79.03508771929825,0.0
