Epoch,Pre R@50,Pre R@50 ZS,R@20,R@20 ZS,Avg,Pre wear,hold,sit,ride,eat,cover,carry,watch,play,Pre wear,hold,sit,ride,eat,cover,carry,watch,play,Pre wear,hold,sit,ride,eat,cover,carry,watch,play,Pre wear,hold,sit,ride,eat,cover,carry,watch,play,Pre avg. wear,hold,sit,ride,eat,cover,carry,watch,play
3,98.43664788220323,72.63157894736842,97.25504453735685,67.36842105263158,83.92292310489002,99.87186058431573,98.78603945371776,99.68944099378882,98.19004524886877,97.36842105263158,95.45454545454545,73.03370786516854,47.368421052631575,0.0,71.42857142857143,92.3076923076923,100.0,100.0,0.0,40.0,0.0,30.0,0.0,99.69246540235777,94.68892261001517,99.68944099378882,92.3076923076923,93.85964912280701,94.6969696969697,69.66292134831461,29.82456140350877,0.0,71.42857142857143,88.46153846153845,100.0,0.0,0.0,20.0,0.0,10.0,0.0,85.60536721095409,93.56104820824092,99.84472049689441,72.62443438914028,47.807017543859644,62.53787878787878,35.67415730337079,29.298245614035086,0.0
4,99.1092528631158,75.78947368421053,98.05489910925286,73.68421052631578,86.65945904572375,99.89748846745259,99.54476479514416,99.37888198757764,98.19004524886877,97.36842105263158,96.21212121212122,82.02247191011236,87.71929824561403,0.0,78.57142857142857,96.15384615384616,96.55172413793103,100.0,0.0,60.0,0.0,40.0,0.0,99.74372116863147,97.72382397572079,98.13664596273291,92.3076923076923,93.85964912280701,95.45454545454545,75.28089887640449,66.66666666666666,0.0,78.57142857142857,96.15384615384616,96.55172413793103,0.0,0.0,40.0,0.0,40.0,0.0,89.19601669473529,97.39407026963931,97.65474405654317,72.62443438914028,47.807017543859644,72.91666666666667,39.32584269662921,58.59649122807017,0.0
