Epoch,Pre R@50,Pre R@50 ZS,R@20,R@20 ZS,Avg,Pre wear,hold,sit,ride,eat,cover,carry,watch,play,Pre wear,hold,sit,ride,eat,cover,carry,watch,play,Pre wear,hold,sit,ride,eat,cover,carry,watch,play,Pre wear,hold,sit,ride,eat,cover,carry,watch,play,Pre avg. wear,hold,sit,ride,eat,cover,carry,watch,play
0,79.04017451372478,49.473684210526315,77.47682239592801,47.368421052631575,63.33977554320266,100.0,0.0,100.0,0.0,99.12280701754386,3.0303030303030303,7.865168539325842,0.0,0.0,100.0,0.0,100.0,0.0,100.0,20.0,0.0,0.0,0.0,99.41055868785239,0.0,84.78260869565217,0.0,96.49122807017544,0.0,0.0,0.0,0.0,100.0,0.0,96.55172413793103,0.0,100.0,0.0,0.0,0.0,0.0,99.85263967196309,0.0,95.33358320839581,0.0,98.90350877192982,5.757575757575758,1.9662921348314606,0.0,0.0
3,81.9669151063443,20.0,77.44046536993274,13.684210526315791,48.272897750648205,96.54023577652487,39.45371775417299,54.347826086956516,64.25339366515837,18.421052631578945,88.63636363636364,21.34831460674157,14.035087719298245,0.0,42.857142857142854,11.538461538461538,17.24137931034483,0.0,0.0,40.0,33.33333333333333,20.0,0.0,95.56637621732445,19.878603945371776,51.24223602484472,46.15384615384615,0.8771929824561403,87.12121212121212,15.730337078651685,5.263157894736842,0.0,42.857142857142854,0.0,10.344827586206897,0.0,0.0,20.0,33.33333333333333,20.0,0.0,69.45522442703376,17.717695809501578,33.29406725208824,27.601809954751133,4.824561403508771,58.93939393939394,25.936329588014978,14.824561403508772,0.0
4,82.69405562624978,28.421052631578945,77.31321577894929,20.0,52.1070810091945,94.13121476166069,58.725341426403645,64.59627329192547,50.2262443438914,18.421052631578945,88.63636363636364,19.101123595505616,26.31578947368421,0.0,28.57142857142857,26.923076923076923,34.48275862068966,0.0,0.0,40.0,0.0,40.0,0.0,92.20912352639672,42.4886191198786,59.93788819875776,23.981900452488688,0.8771929824561403,87.12121212121212,11.235955056179774,5.263157894736842,0.0,28.57142857142857,15.384615384615385,27.586206896551722,0.0,0.0,20.0,0.0,20.0,0.0,60.87079885772863,35.88041321349364,46.65078175198115,18.55203619909502,4.824561403508771,58.93939393939394,7.584269662921347,22.89473684210526,0.0
