Epoch,Pre R@50,Pre R@50 ZS,R@20,R@20 ZS,Avg,Pre wear,hold,sit,ride,eat,cover,carry,watch,play,Pre wear,hold,sit,ride,eat,cover,carry,watch,play,Pre wear,hold,sit,ride,eat,cover,carry,watch,play,Pre wear,hold,sit,ride,eat,cover,carry,watch,play,Pre avg. wear,hold,sit,ride,eat,cover,carry,watch,play
3,99.29103799309217,85.26315789473684,98.23668423922923,78.94736842105263,90.43456213702771,99.84623270117888,99.69650986342944,97.20496894409938,100.0,100.0,96.21212121212122,89.8876404494382,94.73684210526315,0.0,92.85714285714286,100.0,89.65517241379311,100.0,100.0,60.0,33.33333333333333,80.0,0.0,99.53869810353665,99.08952959028832,97.20496894409938,94.11764705882352,96.49122807017544,95.45454545454545,79.7752808988764,68.42105263157895,0.0,92.85714285714286,100.0,89.65517241379311,0.0,100.0,40.0,33.33333333333333,40.0,0.0,96.27480412975032,99.69650986342944,93.43007067894624,73.52941176470588,99.12280701754386,72.91666666666667,59.082397003745314,70.78947368421052,0.0
4,99.27285948009454,86.31578947368422,98.36393383021269,84.21052631578947,92.04077727494524,99.84623270117888,99.54476479514416,99.06832298136646,100.0,99.12280701754386,96.96969696969697,83.14606741573034,94.73684210526315,0.0,92.85714285714286,100.0,93.10344827586206,100.0,66.66666666666666,80.0,33.33333333333333,80.0,0.0,99.6668375192209,98.48254931714719,97.82608695652173,94.11764705882352,95.6140350877193,96.21212121212122,79.7752808988764,75.43859649122807,0.0,92.85714285714286,100.0,93.10344827586206,0.0,66.66666666666666,60.0,33.33333333333333,80.0,0.0,96.30683898367138,99.50682852807283,95.77532662240307,73.52941176470588,82.01754385964912,83.29545454545455,57.397003745318344,82.54385964912281,0.0
