Epoch,Pre R@50,Pre R@50 ZS,R@20,R@20 ZS,Avg,Pre wear,hold,sit,ride,eat,cover,carry,watch,play,Pre wear,hold,sit,ride,eat,cover,carry,watch,play,Pre wear,hold,sit,ride,eat,cover,carry,watch,play,Pre wear,hold,sit,ride,eat,cover,carry,watch,play,Pre avg. wear,hold,sit,ride,eat,cover,carry,watch,play
3,87.23868387565898,35.78947368421053,83.36666060716233,27.368421052631582,58.44080980491585,99.28241927216813,59.180576631259484,66.45962732919256,43.43891402714932,67.54385964912281,88.63636363636364,17.97752808988764,26.31578947368421,0.0,64.28571428571429,34.61538461538461,37.93103448275862,0.0,0.0,20.0,0.0,40.0,0.0,99.0261404407996,42.943854324734446,64.59627329192547,14.479638009049776,62.28070175438597,87.12121212121212,11.235955056179774,5.263157894736842,0.0,64.28571428571429,23.076923076923077,31.03448275862069,0.0,0.0,0.0,0.0,20.0,0.0,81.71999707109907,39.9541846620754,50.005354465624336,14.479638009049776,32.45614035087719,48.93939393939394,7.3033707865168545,22.89473684210526,0.0
4,83.51208871114343,33.68421052631579,78.44028358480276,26.31578947368421,55.48809307398655,95.5407483341876,48.710166919575116,74.53416149068323,47.05882352941176,50.0,84.84848484848484,19.101123595505616,26.31578947368421,0.0,57.14285714285714,30.76923076923077,37.93103448275862,0.0,0.0,20.0,0.0,40.0,0.0,94.00307534597643,30.804248861911987,73.29192546583852,19.457013574660635,35.96491228070175,84.0909090909091,11.235955056179774,5.263157894736842,0.0,57.14285714285714,19.230769230769234,31.03448275862069,0.0,0.0,20.0,0.0,20.0,0.0,75.95738449146958,32.37860394537178,54.19790104947526,16.6289592760181,21.49122807017544,52.234848484848484,7.584269662921347,22.89473684210526,0.0
