Epoch,Pre R@50,Pre R@50 ZS,R@20,R@20 ZS,Avg,Pre wear,hold,sit,ride,eat,cover,carry,watch,play,Pre wear,hold,sit,ride,eat,cover,carry,watch,play,Pre wear,hold,sit,ride,eat,cover,carry,watch,play,Pre wear,hold,sit,ride,eat,cover,carry,watch,play,Pre avg. wear,hold,sit,ride,eat,cover,carry,watch,play
3,76.64061079803672,22.105263157894736,69.8600254499182,15.789473684210526,46.09884327251504,90.64582265504869,45.068285280728375,35.714285714285715,42.98642533936652,41.228070175438596,69.6969696969697,19.101123595505616,28.07017543859649,0.0,28.57142857142857,34.61538461538461,10.344827586206897,0.0,0.0,20.0,0.0,40.0,0.0,87.5448487954895,26.251896813353564,28.88198757763975,14.479638009049776,27.192982456140353,61.36363636363637,8.98876404494382,15.789473684210526,0.0,28.57142857142857,26.923076923076923,6.896551724137931,0.0,0.0,0.0,0.0,20.0,0.0,58.83338214834883,33.21466090813587,20.459413150567574,14.366515837104075,17.105263157894736,37.765151515151516,7.022471910112359,25.964912280701753,0.0
4,67.89674604617343,12.631578947368421,58.4984548263952,6.315789473684211,36.33564232340532,80.9072270630446,39.75720789074355,22.981366459627328,42.98642533936652,25.438596491228072,64.39393939393939,19.101123595505616,28.07017543859649,0.0,14.285714285714285,11.538461538461538,3.4482758620689653,100.0,0.0,20.0,0.0,40.0,0.0,74.67965146078934,20.333839150227618,13.975155279503104,14.479638009049776,4.385964912280701,56.81818181818182,11.235955056179774,5.263157894736842,0.0,14.285714285714285,3.8461538461538463,0.0,0.0,0.0,20.0,0.0,20.0,0.0,46.039576773815625,18.868915606396637,10.10119940029985,39.366515837104075,7.4561403508771935,40.303030303030305,7.584269662921347,23.333333333333332,0.0
