Epoch,Pre R@50,Pre R@50 ZS,R@20,R@20 ZS,Avg,Pre wear,hold,sit,ride,eat,cover,carry,watch,play,Pre wear,hold,sit,ride,eat,cover,carry,watch,play,Pre wear,hold,sit,ride,eat,cover,carry,watch,play,Pre wear,hold,sit,ride,eat,cover,carry,watch,play,Pre avg. wear,hold,sit,ride,eat,cover,carry,watch,play
3,95.18828451882845,0.0,95.18828451882845,0.0,47.59414225941423,99.71988795518207,91.30434782608695,92.10526315789474,64.28571428571429,100.0,100.0,28.57142857142857,0.0,nan,nan,0.0,0.0,nan,nan,nan,0.0,0.0,nan,99.71988795518207,91.30434782608695,92.10526315789474,64.28571428571429,100.0,100.0,28.57142857142857,0.0,nan,nan,0.0,0.0,nan,nan,nan,0.0,0.0,nan,99.71988795518207,45.65217391304348,46.05263157894737,64.28571428571429,100.0,100.0,14.285714285714285,0.0,nan
4,95.18828451882845,0.0,95.18828451882845,0.0,47.59414225941423,99.15966386554622,93.47826086956522,92.10526315789474,64.28571428571429,100.0,100.0,28.57142857142857,20.0,nan,nan,0.0,0.0,nan,nan,nan,0.0,0.0,nan,99.15966386554622,93.47826086956522,92.10526315789474,64.28571428571429,100.0,100.0,28.57142857142857,20.0,nan,nan,0.0,0.0,nan,nan,nan,0.0,0.0,nan,99.15966386554622,46.73913043478261,46.05263157894737,64.28571428571429,100.0,100.0,14.285714285714285,10.0,nan
