Epoch,Pre R@50,Pre R@50 ZS,R@20,R@20 ZS,Avg,Pre wear,hold,sit,ride,eat,cover,carry,watch,play,Pre wear,hold,sit,ride,eat,cover,carry,watch,play,Pre wear,hold,sit,ride,eat,cover,carry,watch,play,Pre wear,hold,sit,ride,eat,cover,carry,watch,play,Pre avg. wear,hold,sit,ride,eat,cover,carry,watch,play
3,97.5277222323214,71.57894736842105,96.83693873841119,68.42105263157895,83.59116524268316,99.5643259866735,93.32321699544764,91.61490683229813,100.0,100.0,96.21212121212122,89.8876404494382,49.122807017543856,0.0,64.28571428571429,80.76923076923077,75.86206896551724,100.0,100.0,60.0,66.66666666666666,70.0,0.0,99.43618657098924,91.04704097116844,91.61490683229813,94.11764705882352,96.49122807017544,95.45454545454545,89.8876404494382,49.122807017543856,0.0,64.28571428571429,76.92307692307693,75.86206896551724,0.0,100.0,40.0,66.66666666666666,70.0,0.0,81.89298528227282,85.51564141473094,83.73848789890769,73.52941176470588,99.12280701754386,72.91666666666667,78.27715355805242,59.56140350877193,0.0
4,98.36393383021269,78.94736842105263,97.5277222323214,77.89473684210526,88.183440331423,99.6668375192209,97.26858877086495,93.47826086956522,97.73755656108597,100.0,96.21212121212122,95.50561797752809,66.66666666666666,0.0,78.57142857142857,92.3076923076923,79.3103448275862,0.0,100.0,60.0,66.66666666666666,90.0,0.0,99.28241927216813,94.38543247344461,93.47826086956522,95.92760180995475,96.49122807017544,95.45454545454545,92.13483146067416,66.66666666666666,0.0,78.57142857142857,92.3076923076923,79.3103448275862,0.0,100.0,40.0,66.66666666666666,90.0,0.0,89.02302848356153,94.06735146492355,86.39430284857572,48.41628959276018,99.12280701754386,72.91666666666667,80.24344569288388,78.33333333333333,0.0
