Epoch,Pre R@50,Pre R@50 ZS,R@20,R@20 ZS,Avg,Pre wear,hold,sit,ride,eat,cover,carry,watch,play,Pre wear,hold,sit,ride,eat,cover,carry,watch,play,Pre wear,hold,sit,ride,eat,cover,carry,watch,play,Pre wear,hold,sit,ride,eat,cover,carry,watch,play,Pre avg. wear,hold,sit,ride,eat,cover,carry,watch,play
3,98.40029085620796,74.73684210526315,97.6731503363025,73.68421052631578,86.12362345602234,99.74372116863147,97.26858877086495,93.7888198757764,97.73755656108597,100.0,97.72727272727273,95.50561797752809,59.64912280701754,0.0,71.42857142857143,92.3076923076923,82.75862068965517,0.0,100.0,60.0,66.66666666666666,50.0,0.0,99.28241927216813,96.0546282245827,93.7888198757764,95.92760180995475,96.49122807017544,96.96969696969697,95.50561797752809,50.877192982456144,0.0,71.42857142857143,92.3076923076923,82.75862068965517,0.0,100.0,40.0,66.66666666666666,50.0,0.0,85.47082082448561,94.48465040270807,88.27372028271579,48.41628959276018,99.12280701754386,73.67424242424244,81.08614232209737,52.63157894736842,0.0
4,98.65479003817488,80.0,97.89129249227413,80.0,89.13652063261226,99.79497693490518,96.96509863429439,94.40993788819875,99.5475113122172,100.0,97.72727272727273,95.50561797752809,73.68421052631578,0.0,78.57142857142857,88.46153846153845,86.20689655172413,0.0,100.0,60.0,66.66666666666666,90.0,0.0,99.43618657098924,94.68892261001517,94.40993788819875,97.73755656108597,96.49122807017544,97.72727272727273,95.50561797752809,64.91228070175438,0.0,78.57142857142857,88.46153846153845,86.20689655172413,0.0,100.0,60.0,66.66666666666666,90.0,0.0,89.09350516218788,92.14427454184661,90.30841721996144,49.32126696832579,99.12280701754386,78.86363636363637,81.08614232209737,79.64912280701753,0.0
