Epoch,Pre R@4,Pre R@4 ZS,R@3,R@3 ZS,R@2,R@2 ZS,R@1,R@1 ZS,Avg,Pre wear,hold,sit,ride,eat,cover,carry,watch,play,Pre wear,hold,sit,ride,eat,cover,carry,watch,play,Pre wear,hold,sit,ride,eat,cover,carry,watch,play,Pre wear,hold,sit,ride,eat,cover,carry,watch,play,Pre wear,hold,sit,ride,eat,cover,carry,watch,play,Pre wear,hold,sit,ride,eat,cover,carry,watch,play,Pre wear,hold,sit,ride,eat,cover,carry,watch,play,Pre wear,hold,sit,ride,eat,cover,carry,watch,play,Pre avg. wear,hold,sit,ride,eat,cover,carry,watch,play
0,11.816033448463916,38.94736842105263,6.0170878022177785,35.78947368421053,3.8538447554990003,25.263157894736842,2.490456280676241,15.789473684210526,17.495861996383432,7.4064582265504875,12.5948406676783,80.43478260869566,0.0,0.0,0.0,0.0,33.33333333333333,0.0,7.142857142857142,26.923076923076923,89.65517241379311,0.0,0.0,0.0,0.0,30.0,0.0,0.0,12.5948406676783,73.29192546583852,0.0,0.0,0.0,0.0,21.052631578947366,0.0,0.0,26.923076923076923,86.20689655172413,0.0,0.0,0.0,0.0,20.0,0.0,0.0,0.0,62.732919254658384,0.0,0.0,0.0,0.0,17.543859649122805,0.0,0.0,0.0,75.86206896551724,0.0,0.0,0.0,0.0,20.0,0.0,0.0,0.0,42.54658385093168,0.0,0.0,0.0,0.0,0.0,0.0,0.0,0.0,51.724137931034484,0.0,0.0,0.0,0.0,0.0,0.0,1.8186644211759537,9.879479397688806,70.30681088027416,0.0,0.0,0.0,0.0,17.74122807017544,0.0
