Epoch,Pre R@100,Pre R@100 ZS,R@50,R@50 ZS,Avg
0,71.85873605947955,70.38539553752535,35.09293680297398,40.26369168356998,54.40019002088722
1,98.17843866171003,94.7261663286004,88.69888475836431,72.71805273833671,88.58038562175287
