Epoch,Pre R@100,Pre R@100 ZS,R@50,R@50 ZS,Avg
0,18.761455878502225,18.477331052181352,5.943964388583399,8.126603934987168,12.827338813563534
1,91.68630531552763,80.4961505560308,80.34825870646766,57.39948674080411,77.48255032970755
2,94.16077507200839,84.26005132591959,85.04844200052369,65.01283147989734,82.12052496958725
3,95.10343021733438,86.99743370402054,86.81592039800995,67.49358426005134,84.10259214485404
