Epoch,Pre R@100,Pre R@100 ZS,R@50,R@50 ZS,Avg,Rel R@100,Rel R@100 ZS,R@50,R@50 ZS,Avg
4,96.03299293008641,83.8323353293413,89.51296150824824,65.78272027373824,83.79025251035354,22.883806519453206,8.340498710232158,18.19137749737119,4.815133276010318,13.557704000766716
