Epoch,Pre R@100,Pre R@100 ZS,R@50,R@50 ZS,Avg,Rel R@100,Rel R@100 ZS,R@50,R@50 ZS,Avg
4,53.102906520031425,40.376390076988876,46.412673474731605,27.887082976903336,41.94476326216381,12.828601472134595,5.2450558899398105,10.935856992639327,3.869303525365434,8.219704470019792
