Epoch,Pre R@50,Pre R@50 ZS,R@20,R@20 ZS,Avg,Pre wear,hold,sit,ride,carry,look,use,cover,touch,watch,talk,fly,pull,park,drive,walk,lean,eat,face,lying,hit,play,rest,follow,feed,kick,walk,skate,Pre wear,hold,sit,ride,carry,look,use,cover,touch,watch,talk,fly,pull,park,drive,walk,lean,eat,face,lying,hit,play,rest,follow,feed,kick,walk,skate,Pre wear,hold,sit,ride,carry,look,use,cover,touch,watch,talk,fly,pull,park,drive,walk,lean,eat,face,lying,hit,play,rest,follow,feed,kick,walk,skate,Pre wear,hold,sit,ride,carry,look,use,cover,touch,watch,talk,fly,pull,park,drive,walk,lean,eat,face,lying,hit,play,rest,follow,feed,kick,walk,skate,Pre avg. wear,hold,sit,ride,carry,look,use,cover,touch,watch,talk,fly,pull,park,drive,walk,lean,eat,face,lying,hit,play,rest,follow,feed,kick,walk,skate
3,98.76712328767124,85.33333333333334,97.26027397260275,78.66666666666666,90.00684931506851,100.0,99.21259842519686,95.65217391304348,100.0,100.0,100.0,100.0,89.47368421052632,53.333333333333336,100.0,100.0,66.66666666666666,100.0,100.0,100.0,nan,100.0,100.0,50.0,100.0,nan,85.71428571428571,100.0,66.66666666666666,nan,nan,100.0,0.0,100.0,100.0,66.66666666666666,100.0,100.0,100.0,100.0,71.42857142857143,50.0,100.0,nan,0.0,nan,100.0,100.0,nan,100.0,nan,0.0,100.0,nan,66.66666666666666,100.0,66.66666666666666,nan,nan,100.0,nan,100.0,92.1259842519685,86.95652173913044,100.0,97.22222222222221,100.0,100.0,89.47368421052632,46.666666666666664,100.0,100.0,66.66666666666666,100.0,100.0,100.0,nan,75.0,100.0,50.0,100.0,nan,28.57142857142857,66.66666666666666,33.33333333333333,nan,nan,100.0,0.0,100.0,100.0,33.33333333333333,100.0,100.0,100.0,100.0,71.42857142857143,50.0,100.0,nan,0.0,nan,100.0,100.0,nan,66.66666666666666,nan,0.0,100.0,nan,0.0,100.0,33.33333333333333,nan,nan,100.0,nan,100.0,97.83464566929135,70.65217391304347,100.0,99.30555555555556,100.0,100.0,80.45112781954887,50.0,100.0,100.0,33.33333333333333,100.0,100.0,100.0,nan,85.41666666666666,100.0,25.0,100.0,nan,45.23809523809523,91.66666666666666,49.999999999999986,nan,nan,100.0,0.0
